{
  "best_global_step": null,
  "best_metric": null,
  "best_model_checkpoint": null,
  "epoch": 2.968858131487889,
  "eval_steps": 500,
  "global_step": 216,
  "is_hyper_param_search": false,
  "is_local_process_zero": true,
  "is_world_process_zero": true,
  "log_history": [
    {
      "epoch": 0.6920415224913494,
      "grad_norm": 0.16457831859588623,
      "learning_rate": 7.731481481481482e-05,
      "loss": 0.2562,
      "step": 50
    },
    {
      "epoch": 1.3737024221453287,
      "grad_norm": 0.04941130802035332,
      "learning_rate": 5.4166666666666664e-05,
      "loss": 0.0255,
      "step": 100
    },
    {
      "epoch": 2.055363321799308,
      "grad_norm": 0.12614929676055908,
      "learning_rate": 3.101851851851852e-05,
      "loss": 0.0245,
      "step": 150
    },
    {
      "epoch": 2.7474048442906573,
      "grad_norm": 0.06464190036058426,
      "learning_rate": 7.87037037037037e-06,
      "loss": 0.0245,
      "step": 200
    }
  ],
  "logging_steps": 50,
  "max_steps": 216,
  "num_input_tokens_seen": 0,
  "num_train_epochs": 3,
  "save_steps": 5000,
  "stateful_callbacks": {
    "TrainerControl": {
      "args": {
        "should_epoch_stop": false,
        "should_evaluate": false,
        "should_log": false,
        "should_save": true,
        "should_training_stop": true
      },
      "attributes": {}
    }
  },
  "total_flos": 3.200977528128e+16,
  "train_batch_size": 4,
  "trial_name": null,
  "trial_params": null
}
